title,stylecode,description,color
Nike Alphafly 3, FD8311-001,"Fine-tuned for marathon speed, the Alphafly 3 helps push you beyond what you thought possible. Three innovative technologies power your run: a double dose of Air Zoom units helps launch you into your next step; a full-length carbon-fibre plate helps propel you forwards with ease; and a heel-to-toe ZoomX foam midsole helps keep you fresh from start to 26.2. Time to leave your old personal records in the dust."," Football Grey,Ghost,Persian Violet,Blue Void"
Nike Vomero 18, HM6803-401,"Maximum cushioning in the Vomero provides a comfortable ride for everyday runs. Our softest, most cushioned ride has lightweight ZoomX foam stacked on top of responsive ReactX foam in the midsole. Plus, a redesigned traction pattern offers a smooth heel-to-toe transition."," Blue Void,Blue Lightning,Bright Crimson,Metallic Silver"
Nike Vomero 18, HM6803-300,"Maximum cushioning in the Vomero provides a comfortable ride for everyday runs. Our softest, most cushioned ride has lightweight ZoomX foam stacked on top of responsive ReactX foam in the midsole. Plus, a redesigned traction pattern offers a smooth heel-to-toe transition."," Barely Green,Hyper Crimson,Barely Volt,Metallic Silver"
Nike Vomero 18, HM6803-100,"Maximum cushioning in the Vomero provides a comfortable ride for everyday runs. Our softest, most cushioned ride has lightweight ZoomX foam stacked on top of responsive ReactX foam in the midsole. Plus, a redesigned traction pattern offers a smooth heel-to-toe transition."," White,Electric Green,Volt,Black"
Nike Vomero 18, HM6803-101,"Maximum cushioning in the Vomero provides a comfortable ride for everyday runs. Our softest, most cushioned ride has lightweight ZoomX foam stacked on top of responsive ReactX foam in the midsole. Plus, a redesigned traction pattern offers a smooth heel-to-toe transition."," Summit White,Coconut Milk,Coconut Milk,Black"
Nike Vomero 18, HM6803-005,"Maximum cushioning in the Vomero provides a comfortable ride for everyday runs. Our softest, most cushioned ride has lightweight ZoomX foam stacked on top of responsive ReactX foam in the midsole. Plus, a redesigned traction pattern offers a smooth heel-to-toe transition."," Black,Dark Smoke Grey,Light Smoke Grey,Black"
Nike Pegasus 41, FD2722-001,"Responsive cushioning in the Pegasus provides an energised ride for everyday road running. Experience lighter-weight energy return with dual Air Zoom units and a ReactX foam midsole. Plus, improved engineered mesh on the upper decreases weight and increases breathability."," Black,Anthracite,Black"
Nike Zoom Fly 6 'Jakob Ingebrigtsen', HQ3043-200,"Jakob Ingebrigtsen's subtly brilliant Zoom Fly 6 is synonymous with his style and focuses on what matters most: finishing first. Lighter than the Zoom Fly 5, its responsive ZoomX foam adds energy return to each stride, while a carbon-fibre plate helps propel him to the finishing line."," Medium Ash,Summit White,Light Silver,Metallic Gold Grain"
Nike Vaporfly 4, HF6414-100,"The Vaporfly 4 is a lean, mean, mile-eating machine. We trimmed weight in the midsole, outsole and upper from the Vaporfly 3, without sacrificing performance. The result is a lighter, more propulsive all-round racing shoe that's trusted from the mile to the marathon."," White,Obsidian Mist,Pure Platinum,Gridiron"
Nike Streakfly 2, HF6416-100,"The Streakfly 2 can help you out-kick the opposition on race day. This speedster now comes with a carbon-fibre Flyplate, complementing the ultra-responsive ZoomX foam midsole and minimal upper you loved on the original. From the 10K to the mile, it can help you take your distances to the next level."," White,Obsidian Mist,Pure Platinum,Gridiron"
Nike Vaporfly 4, IB8167-999,The Vaporfly 4 is a mile-eating machine that just got lighter. We trimmed weight with a carbon fiber Flyplate and ultra-responsive ZoomX foam midsole to give you race-day speed without sacrificing performance. The result is a fine-tuned racing shoe thatÃÂÃÂÃÂÃÂÃÂÃÂÃÂÃÂÃÂÃÂÃÂÃÂÃÂÃÂÃÂÃÂs trusted from the mile to the marathon.," Multi-Colour,White,Sail,Black"
Nike Zoom Fly 6, FN8454-002,"The Zoom Fly 6 is with you every step of your run. Lighter than the Zoom Fly 5, its responsive ZoomX foam adds energy return to each stride, while a carbon-fibre Flyplate helps propel you to the finishing line."," Ghost,Football Grey,Blue Lightning,Blue Void"
Nike Vaporfly 4, HF6414-001,"The Vaporfly 4 is a lean, mean, mile-eating machine. We trimmed weight in the midsole, outsole and upper from the Vaporfly 3, without sacrificing performance. The result is a lighter, more propulsive all-round racing shoe that's trusted from the mile to the marathon."," Ghost,Persian Violet,Football Grey,Blue Void"
Nike Vaporfly 4, HF6414-600,"The Vaporfly 4 is a lean, mean, mile-eating machine. We trimmed weight in the midsole, outsole and upper from the Vaporfly 3, without sacrificing performance. The result is a lighter, more propulsive all-round racing shoe that's trusted from the mile to the marathon."," Bright Crimson,Mint Foam,Cave Purple,Lime Blast"
Nike Streakfly 2, HF6416-001,"The Streakfly 2 can help you out-kick the opposition on race day. This speedster now comes with a carbon-fibre Flyplate, complementing the ultra-responsive ZoomX foam midsole and minimal upper you loved on the original. From the 10K to the mile, it can help you take your distances to the next level."," Ghost,Persian Violet,Blue Lightning,Blue Void"
Nike Alphafly 3, FD8311-600,"Fine-tuned for marathon speed, the Alphafly 3 helps push you beyond what you thought possible. Three innovative technologies power your run: a double dose of Air Zoom units helps launch you into your next step; a full-length carbon-fibre plate helps propel you forwards with ease; and a heel-to-toe ZoomX foam midsole helps keep you fresh from start to 26.2. Time to leave your old personal records in the dust."," Bright Crimson,Lime Blast,Mint Foam,Cave Purple"
Nike Zoom Fly 6, FN8454-601,"The Zoom Fly 6 is with you every step of your run. Lighter than the Zoom Fly 5, its responsive ZoomX foam adds energy return to each stride, while a carbon-fibre Flyplate helps propel you to the finishing line."," Bright Crimson,Lime Blast,Mint Foam,Cave Purple"
Nike Zoom Rival Fly 4, FV6040-002,"The Nike Zoom Rival Fly 4 can help you push your pace. Its lightweight, low-profile design has a forefoot Air Zoom unit and Cushlon 3.0 foam to help keep you fast on the road and fresh for your miles."," Ghost,Persian Violet,Baltic Blue,Blue Void"
Nike Zoom Rival Fly 4, FV6040-600,"The Nike Zoom Rival Fly 4 can help you push your pace. Its lightweight, low-profile design has a forefoot Air Zoom unit and Cushlon 3.0 foam to help keep you fast on the road and fresh for your miles."," Bright Crimson,Hyper Orange,Mint Foam,Cave Purple"
Nike Streakfly 2, HF6416-600,"The Streakfly 2 can help you out-kick the opposition on race day. This speedster now comes with a carbon-fibre Flyplate, complementing the ultra-responsive ZoomX foam midsole and minimal upper you loved on the original. From the 10K to the mile, it can help you take your distances to the next level."," Bright Crimson,Hyper Orange,Gridiron,Lime Blast"
Nike Field General 'Butter', IF1743-700,The Field General returns from its gritty American football roots to shake up the sneaker scene. Its suede upper is smooth like butter while a nubby Waffle sole creates that vintage gridiron look.," Soft Yellow,Gum Light Brown,White"
Nike Field General 'Ref', HF3165-001,The Field General returns from its gritty American football roots to shake up the sneaker scene. It pairs a suede and textile upper with a nubby Waffle sole to create that vintage gridiron look. This edition pulls colour inspiration from classic referee kits.," Black,Black,White"
Nike Field General Suede, IF0666-100,"The Field General returns from its gritty American football roots to shake up the sneaker scene. It pairs textured suede and a knobbly Waffle sole with a metal Swoosh charm, adding a modern finish to that vintage gridiron look."," Light Orewood Brown,Black"
Nike Field General Suede, IF0666-300,"The Field General returns from its gritty American football roots to shake up the sneaker scene. It pairs textured suede and a knobbly Waffle sole with a metal Swoosh charm, adding a modern finish to that vintage gridiron look."," Light Army,Natural"
Nike Air Force 1 '07, CW2288-111,"Comfortable, durable and timelessÃÂÃÂÃÂÃÂÃÂÃÂÃÂÃÂÃÂÃÂÃÂÃÂÃÂÃÂÃÂÃÂit's number one for a reason. The classic '80s construction pairs smooth leather with bold details for style that tracks whether you're on court or on the go."," White,White"
Nike Air Force 1 '07, CW2288-001,"Comfortable, durable and timelessÃÂÃÂÃÂÃÂÃÂÃÂÃÂÃÂÃÂÃÂÃÂÃÂÃÂÃÂÃÂÃÂit's number one for a reason. The classic '80s construction pairs smooth leather with bold details for style that tracks whether you're on court or on the go."," Black,Black"
Nike Pegasus 41, FD2722-113,"Responsive cushioning in the Pegasus provides an energised ride for everyday road running. Experience lighter-weight energy return with dual Air Zoom units and a ReactX foam midsole. Plus, improved engineered mesh on the upper decreases weight and increases breathability."," Sail,Blue Tint,Wolf Grey,Anthracite"
Nike C1TY Premium CORDURAÃÂÃÂÃÂÃÂÃÂÃÂÃÂÃÂÃÂÃÂÃÂÃÂÃÂÃÂÃÂÃÂ®, HJ4316-700,"Nike C1TY is engineered to overcome anything the city throws your way. A CORDURAÃÂÃÂÃÂÃÂÃÂÃÂÃÂÃÂÃÂÃÂÃÂÃÂÃÂÃÂÃÂÃÂ® upper keeps the fit breathable, while the reinforced sides and toe box help protect your feet from the elements. Each colourway has been inspired by the spirit of city lifeÃÂÃÂÃÂÃÂÃÂÃÂÃÂÃÂÃÂÃÂÃÂÃÂÃÂÃÂÃÂÃÂgiving street style a whole new meaning."," Wheat,Golden Autumn,Sunset,Nightshade"
Nike C1TY Premium CORDURAÃÂÃÂÃÂÃÂÃÂÃÂÃÂÃÂÃÂÃÂÃÂÃÂÃÂÃÂÃÂÃÂ®, HJ4316-001,"Nike C1TY is engineered to overcome anything the city throws your way. A CORDURAÃÂÃÂÃÂÃÂÃÂÃÂÃÂÃÂÃÂÃÂÃÂÃÂÃÂÃÂÃÂÃÂ® upper keeps the fit breathable, while the reinforced sides and toe box help protect your feet from the elements. Each colourway has been inspired by the spirit of city lifeÃÂÃÂÃÂÃÂÃÂÃÂÃÂÃÂÃÂÃÂÃÂÃÂÃÂÃÂÃÂÃÂgiving street style a whole new meaning."," Phantom,Light Orewood Brown,College Grey,Safety Orange"
"Book 1 ""Blue Blood""", IH0892-900,"Devin Booker can light up the scoreboard from anywhere. Whether he's slashing to the basket, stepping back and splashing 3s or pushing the pace on the break, Book's signature shoe gives him the tools he needs to carve up the court with precision. With a speedy, yet cushioned ride, this design can help you explore the spaces created by your piercing footwork and hungry hooper soul."," Multi-Colour,Sail,Game Royal,Multi-Colour"
Nike Dunk Low, HF4292-200,"Created for the hardwood but taken to the streets, this '80s basketball icon returns with classic details and throwback hoops flair. The synthetic leather overlays help the Nike Dunk channel vintage style while its padded, low-cut collar lets you take your game anywhereÃÂÃÂÃÂÃÂÃÂÃÂÃÂÃÂÃÂÃÂÃÂÃÂÃÂÃÂÃÂÃÂin comfort."," Baroque Brown,White,Sail,Black"
Nike Downshifter 13, FD6454-003,"Whether you're starting your running journey or an expert eager to switch up your pace, the Downshifter 13 is down for the ride. With breathable mesh and an updated internal fit band, it helps you find that extra gear or take that first stride towards chasing down your goals."," Anthracite,Wolf Grey,Black"
Nike G.T. Cut Academy, FB2599-301,"Whether you're playing in the gym, at the park or on your driveway, lace up in the all-new G.T. Cut Academy. Designed to help you create space for step-back jumpers, back-door cuts and other game-changing plays, its sticky multi-court traction helps you stop in an instant and shift gears at willÃÂÃÂÃÂÃÂÃÂÃÂÃÂÃÂÃÂÃÂÃÂÃÂÃÂÃÂÃÂÃÂwherever your next game is calling you."," Barely Green,Washed Coral,Dusty Cactus,Black"
Nike Zoom Vomero 5, BV1358-003,"The Vomero 5 takes early-2000s running to modern heights. A combination of breathable and durable materials stands ready for the rigours of your day, while Zoom Air cushioning delivers a smooth ride."," Black,Black"
Nike Juniper Trail 3, FQ0904-003,Embrace the hilly terrain in the Juniper Trail 3. Our Trail ATC outsole helps keep you upright for your trails. And we made the midsole and upper softer and more flexible compared with the previous iteration.," Dark Smoke Grey,Black,Wolf Grey,Light Orewood Brown"
Nike Mercurial Vapor 16 Elite, FQ1457-301,"Obsessed with speed? So are the game's biggest stars. That's why we made this Elite boot with an improved 3/4-length Air Zoom unit. It gives you and the sport's fastest players the propulsive feel needed to break through the back line. The result is the most responsive Mercurial we've ever made, because you demand greatness from yourself and your footwear."," Ocean Cube,Pink Blast"
Nike Mercurial Superfly 10 Elite, FQ1454-301,"Obsessed with speed? So are the game's biggest stars. That's why we made this Elite boot with an improved 3/4-length Air Zoom unit. It gives you and the sport's fastest players the propulsive feel needed to break through the back line. The result is the most responsive Mercurial we've ever made, because you demand greatness from yourself and your footwear."," Ocean Cube,Pink Blast"
Nike Mercurial Superfly 10 Academy, FQ1456-301,"Looking to take your speed to the next level? We made this Academy boot with an improved heel Air Zoom unit. It gives you the propulsive feel needed to break through the back line. The result is the most responsive Mercurial we've ever made, so you can dictate pace and tempo all match long."," Ocean Cube,Pink Blast"
Nike Calm, FD4116-001,"Enjoy a calm, comfortable experienceÃÂÃÂÃÂÃÂÃÂÃÂÃÂÃÂÃÂÃÂÃÂÃÂÃÂÃÂÃÂÃÂwherever your day off takes you. Made from soft yet supportive foam, the minimal design makes these slides easy to style with or without socks. And they've got a textured footbed to help keep your feet in place."," Black,Black"
Nike SB Chron 2 Canvas, DM3494-002,The Nike SB Chron 2 Canvas is the newest member of the Chron family.The revamped design includes a reshaped collar and heel for an improved fitÃÂÃÂÃÂÃÂÃÂÃÂÃÂÃÂÃÂÃÂÃÂÃÂÃÂÃÂÃÂÃÂall while maintaining the comfort and performance you expect from Nike SB.," Black,Black,Black"
Sabrina 2, FQ2174-801,"Sabrina Ionescu's success is no secret. Her game is based on living in the gym, getting in rep after rep to perfect her craft. The Sabrina 2 sets you up to do more, so you're ready to go when it's game time. Our newest Cushlon foam helps keep you fresh, Air Zoom cushioning adds the pop and sticky traction helps you create that next-level distance. Sabrina's handed you the tools. Time to go to work."," Apricot Agate,Washed Coral,Washed Teal,Light Bone"
Nike Tiempo Legend 10 Academy, DV4337-002,"Even Legends find ways to evolve. Made to take your game to the next level, the latest iteration of this Academy boot has all-new FlyTouch Lite engineered leather. Softer than natural leather, it contours to your foot and doesn't overstretch, so you can dictate the pace of your game. Lighter and sleeker than any other Tiempo to date, the Legend 10 is for any position on the pitch, whether you're sending a pinpoint pass through the defence or tracking back to stop a break-away."," Black,Deep Jungle,Black"
Nike Mercurial Vapor 16 Academy, FQ8374-002,"Looking to take your speed to the next level? We made this Academy boot with an improved heel Air Zoom unit. It gives you the propulsive feel needed to break through the back line. The result is the most responsive Mercurial we've ever made, so you can dictate pace and tempo all match long."," Black,Deep Jungle,Black"
Nike Hypervenom Phantom RGN SE 'Bright Citrus', HQ8561-001,"The Hypervenom is back from the vault. The features you loved from the originalÃÂÃÂÃÂÃÂÃÂÃÂÃÂÃÂÃÂÃÂÃÂÃÂÃÂÃÂÃÂÃÂthe Bright Orange shade, the iconic honeycomb NikeSkinÃÂÃÂÃÂÃÂÃÂÃÂÃÂÃÂÃÂÃÂÃÂÃÂÃÂÃÂÃÂÃÂreturn with one crucial revamp. We switched the original underfoot feel for the revered Hypervenom 3 plate, giving you a surreal on-pitch experience."," Black,Bright Citrus,Black"
Nike Vapor Pro 3 Premium, HJ6774-500,"Let your game attract the attention of the sport's best in this special Vapor Pro 3. Metallic finishes, including a silver dubrae, highlight a design destined for Parisian appeal. With springy Air Zoom cushioning and a new rubber compound that makes the shoe lighter than previous Vapors, it's primed to last to match point."," Deep Night,Pale Ivory,Metallic Silver,Light Crimson"
Nike Mercurial Vapor 16 Elite 'Vini Jr.', IB2356-001,"As Vini Jr. flies over the pitch at blinding speeds, Mercurial lifts him to new heights. The gradient design of his Vapor 16 Elite blends colours from his debut club to the Brazil national teamÃÂÃÂÃÂÃÂÃÂÃÂÃÂÃÂÃÂÃÂÃÂÃÂÃÂÃÂÃÂÃÂwhere he started and where he's going. With bouncy Air Zoom cushioning, a new traction plate and revolutionary Gripknit, it unlocks his explosive acceleration into the future."," Black,Green Spark,Soar,Dynamic Yellow"
Nike Phantom GX 2 Elite, FJ2554-800,"Obsessed with perfecting your craft? We made this for you. In the middle of the storm, with chaos swirling all around you, you've calmly found the final third of the pitch, thanks to your uncanny mix of on-ball guile and grace. Go finish the job in the Phantom GX 2 Elite. Revolutionary Nike Gripknit covers the striking area of the boot while Nike Cyclone 360 traction helps guide your unscripted agility. We design Elite boots for you and the world's biggest stars to give you high-level quality, because you demand greatness from yourself and your footwear."," Crimson Tint,Pink Blast,Black"
Nike Phantom Luna 2 Elite, FJ2572-800,"Obsessed with perfecting your craft? We made this for you. In the middle of the storm, with chaos swirling all around you, you've calmly found the final third of the pitch, thanks to your uncanny mix of on-ball guile and grace. Go and finish the job in the Phantom Luna 2 Elite. Revolutionary Nike Gripknit covers the striking area of the boot while Nike Cyclone 360 traction helps guide your unscripted agility. We design Elite boots for you and the world's biggest stars to give you high-level quality, because you demand greatness from yourself and your footwear."," Crimson Tint,Pink Blast,Black"
Nike Phantom GX 2 Elite, FJ2559-800,"Obsessed with perfecting your craft? We made this for you. In the middle of the storm, with chaos swirling all around you, you've calmly found the final third of the pitch, thanks to your uncanny mix of on-ball guile and grace. Go finish the job in the Phantom GX 2 Elite. Revolutionary Nike Gripknit covers the striking area of the boot while Nike Cyclone 360 traction helps guide your unscripted agility. We design Elite boots for you and the world's biggest stars to give you high-level quality, because you demand greatness from yourself and your footwear."," Crimson Tint,Pink Blast,Black"
Book 1 'Decade', FJ4249-106,"Play-off master classes, 70-pointers, game-winners. Book has become one of the game's greats, all while proudly wearing the orange, purple and white. This Book 1 celebrates his decade run in the Valley of the Sun with a leather upper and orange Swoosh logo. The aged midsole speaks to the 10 years since his arrival, with his No. 1 on the heel. To top it off, the tongue label inspired by his time at the Phoenix Suns completes the vintage vibe."," Sail,Court Purple,Clay Orange"
A'One 'OG Pearl', FZ8605-100,"A'ja Wilson's pearls are her armour. Inspired by the necklace given to A'ja by her grandma, the iridescent finish of this A'One gives the superstar inner strength. And to help keep her fresh for every battle, plush Cushlon 3.0 foam provides unapologetic comfort."," White,Off-White,Summit White"
Nike Victory 2 'Jakob Ingebrigtsen', HQ3041-100,"Jakob Ingebrigtsen's subtly brilliant Victory 2 is synonymous with his style and focuses on what matters most: finishing first. With a carbon-fibre Flyplate, Air Zoom unit and lightweight, responsive ZoomX foam midsole, it has every speed component he needs to smash records."," Sail,Medium Ash,Metallic Gold Grain,Black"
Nike Dragonfly 2 Elite 'Jakob Ingebrigtsen', IB8745-100,"Jakob Ingebrigtsen's subtly brilliant Dragonfly 2 Elite is fittingly synonymous with his style and focuses on what matters most: finishing first. Now loaded with an ultralight ZoomX foam and a responsive carbon plate, the Dragonfly 2 Elite can help unleash a new level of speed you'll want to save for race day. It's donned by the fastest 5K and 10K runners in the sport, who are ready to reach new heights."," Sail,Medium Ash,Black,Metallic Gold Grain"
Nike Mercurial Vapor 16 Elite x Air Max 95 SE, HV9915-001,"As we celebrate the 30th anniversary of the Air Max 95, it's only right we toast the rarefied AIR allegiance between the lifestyle icon and meteoric Mercurial. This special Vapor 16 Elite nods to our most iconic Air Max colourway, and combines it with our most responsive Mercurial ever. From the glossy heel to the embroidered Swoosh logo to the plate graphic, this mash-up matches the original shoe worn by lightning-fast superstars and one of the greatest teams ever."," Black,Solar Red"
Nike Air Max Dn8, FQ7860-009,"More Air, less bulk. The Dn8 takes our Dynamic Air system and condenses it into a sleek, low-profile package. Powered by eight pressurised Air tubes, it gives you a responsive sensation with every step. Enter an unreal experience of movement."," Black,Indigo Burst,Total Orange,Fierce Purple"
Nike Tiempo Legend 10 Elite, IB9520-401,"Even Legends find ways to evolve. The latest iteration of this Elite boot has all-new FlyTouch Plus engineered leather. Softer than natural leather, it contours to your foot and works with All Conditions Control (a grippy texture even in wet weather) so you can dictate the pace of your game. Lighter and sleeker than any other Tiempo to date, the Legend 10 is for any position on the pitch, whether you're sending a pinpoint pass through the defence or tracking back to stop a break-away."," Copa,White"
Jordan Hydro 5 Retro, 555501-103,"Inspired by sport, made for every day. Soft, supportive foam and a textured footbed help these slides deliver soft comfort with every step you take. A synthetic leather foot strap lets you quickly adjust the fit."," White,New Emerald,Grape Ice,Black"
Nike P-6000, CD6404-600,"The Nike P-6000 draws on the 2006 Nike Air Pegasus, bringing you a mash-up of iconic style that's breathable, comfortable and evocative of that early-2000s vibe."," Pink Blast,Metallic Silver,Black"
Jordan Post, DX5575-402,"Quick, comfy, cool. These slides are made from robust, flexible foam that will stay secure as you rack up those steps. Wide foot coverage holds your feet in place while the asymmetrical design gives you a distinct look."," Glacier Blue,Glacier Blue"
Jumpman MVP, DZ4475-003,"We didn't invent the remixÃÂÃÂÃÂÃÂÃÂÃÂÃÂÃÂÃÂÃÂÃÂÃÂÃÂÃÂÃÂÃÂbut considering the material we get to sample, this one's a no-brainer. We took elements from the AJ6, 7 and 8, making them into a completely new shoe that celebrates MJ's first 3-peat championship run. With leather, textile and nubuck details, these sneakers honour one legacy while encouraging you to cement your own."," Wolf Grey,White,Neutral Grey,University Blue"
Nike Zoom Vomero 5, FB9149-004,"Carve a new lane for yourself in the Zoom Vomero 5ÃÂÃÂÃÂÃÂÃÂÃÂÃÂÃÂÃÂÃÂÃÂÃÂÃÂÃÂÃÂÃÂyour go-to for complexity, depth and now, easy styling. The richly layered design includes textiles, synthetic suede and plastic accents that come together to make one of the coolest sneakers of the season. A neutral palette makes them a certain win for any 'fit your wardrobe throws at you. Taking early 2000s running to modern heights, it's a true tech meets low-key love story."," Black,Anthracite,Pink Blast,Metallic Platinum"
Nike Field General, FZ5593-400,The Field General returns from its gritty American football roots to shake up the sneaker scene. It pairs synthetic leather and tough textiles with a nubby Waffle soleÃÂÃÂÃÂÃÂÃÂÃÂÃÂÃÂÃÂÃÂÃÂÃÂÃÂÃÂÃÂÃÂcreating that vintage gridiron look. Step into a piece of sneaker history and carve your own path into the future.," Aluminium,Black,White"
Giannis Freak 6, FJ7792-300,"Giannis needs a shoe to dominate the modern positionless game. That's why we've upgraded the traction pattern on the Giannis Freak 6. The herringbone outsole helps him stop in an instant to make all those game-changing plays. And when he's filling up the stat sheet, the Air Zoom cushioning helps keep him fresh for four quarters."," Dusty Cactus,Bright Crimson,Obsidian"
Nike C1TY 'Sand', FZ3863-103,"Nike C1TY is engineered to overcome anything the city throws your way. A mesh upper keeps the fit breathable, while the reinforced sides and toe box help protect your feet from the elements. Each colourway has been inspired by the spirit of city lifeÃÂÃÂÃÂÃÂÃÂÃÂÃÂÃÂÃÂÃÂÃÂÃÂÃÂÃÂÃÂÃÂgiving street style a whole new meaning."," Muslin,Black,White"
"Ja 2 ""Scratch""", HQ1759-400,"Give Ja a breakaway, and the aerial artist is going viralÃÂÃÂÃÂÃÂÃÂÃÂÃÂÃÂÃÂÃÂÃÂÃÂÃÂÃÂÃÂÃÂprobably with his favourite dunk. With the iconic claw marks, this special Ja 2 salutes that competition-worthy slam and the franchise that hand-picked the point guard to help lead them to a championship. The overall lighter design, Air Zoom cushioning and tractor-inspired traction stamp a shoe worthy of the grit and grind."," Rapid Teal,Black,Ale Brown,University Red"
Nike Vomero 18 SE, IB8164-999,Maximum cushioning in the Nike Vomero 18 SE provides a comfortable ride for everyday runs. Experience optimal comfort with lightweight ZoomX foam stacked on top of responsive ReactX foam in the midsole. And a redesigned traction pattern offers a smooth heel-to-toe transition.," Multi-Colour,White,Sail,Black"
Nike Pegasus 41, IB8171-999,Responsive cushioning in the Pegasus provides an energised ride for everyday road running. Experience lighter-weight energy return with dual Air Zoom units and a ReactX foam midsole. Improved engineered mesh on the upper decreases weight and increases breathability.," Multi-Colour,Light Smoke Grey,Sail,Black"
Nike Mercurial Vapor 16 Academy 'Kylian MbappÃÂÃÂÃÂÃÂÃÂÃÂÃÂÃÂÃÂÃÂÃÂÃÂÃÂÃÂÃÂÃÂ©', FQ8377-500,"Looking to take your speed to the next level? We made these Academy boots with an improved heel Air Zoom unit. It gives you and Kylian MbappÃÂÃÂÃÂÃÂÃÂÃÂÃÂÃÂÃÂÃÂÃÂÃÂÃÂÃÂÃÂÃÂ© the propulsive feel needed to break through the back line. The result is the most responsive Mercurial we've ever made, so you can dictate pace and tempo all match long."," Grand Purple,Pale Ivory"
"Nike Mercurial Vapor 16 Elite ""Kylian MbappÃÂÃÂÃÂÃÂÃÂÃÂÃÂÃÂÃÂÃÂÃÂÃÂÃÂÃÂÃÂÃÂ©""", FQ8683-500,"For all of Kylian's scoring barrages, step-overs and shrugs, Mercurial has been there to unlock his blazing speed. With graphic shout-outs to his most iconic player editions since 2018, this Vapor 16 Elite uses our bouncy Air Zoom cushioning, a new traction plate and revolutionary Gripknit to help boost his game-changing acceleration."," Grand Purple,Pale Ivory"
Nike Mercurial Vapor 16 Pro 'Kylian MbappÃÂÃÂÃÂÃÂÃÂÃÂÃÂÃÂÃÂÃÂÃÂÃÂÃÂÃÂÃÂÃÂ©', FQ8689-500,"Serious about your speed? A Pro boot is for those who, like Kylian MbappÃÂÃÂÃÂÃÂÃÂÃÂÃÂÃÂÃÂÃÂÃÂÃÂÃÂÃÂÃÂÃÂ©, want to push the pace all match long. That's why we made this boot with an improved Air Zoom unit. It gives you and those devoted to the game the propulsive feel needed to break through the back line. Take your skills to the next level with some of Nike's greatest innovations like Flyknit on the upper, which makes the boot even lighter so you can play fast."," Grand Purple,Pale Ivory"
Nike Mercurial Superfly 10 Elite 'Kylian MbappÃÂÃÂÃÂÃÂÃÂÃÂÃÂÃÂÃÂÃÂÃÂÃÂÃÂÃÂÃÂÃÂ©', FQ8692-500,"For all of Kylian's scoring barrages, step-overs and shrugs, Mercurial has been there to unlock his blazing speed. With graphic shout-outs to his most iconic player editions since 2018, this Superfly 10 Elite uses our bouncy Air Zoom cushioning, a new traction plate and revolutionary Gripknit to help boost his game-changing acceleration."," Grand Purple,Pale Ivory"
Nike Mercurial Superfly 10 Academy 'Kylian MbappÃÂÃÂÃÂÃÂÃÂÃÂÃÂÃÂÃÂÃÂÃÂÃÂÃÂÃÂÃÂÃÂ©', HJ7309-500,"Inspired by what Kylian wears on match day, this Superfly 10 Academy unlocks your blazing speed. With shout-outs to Kylian's most iconic player-edition boot since 2018, it helps boost your acceleration with Air Zoom cushioning and a new traction plate."," Grand Purple,Pale Ivory"
Nike Air Force 1 '07 LV8, HJ4465-200,"Comfortable, durable and timelessÃÂÃÂÃÂÃÂÃÂÃÂÃÂÃÂÃÂÃÂÃÂÃÂÃÂÃÂÃÂÃÂit's number one for a reason. The classic '80s construction is paired with bold details for style that tracks whether you're on court or on the go. This version of the AF-1 gets a seasonal refresh with soft suede, braided laces and an embroidered Swoosh logo."," Mink Brown,Sail"
LeBron XXII 'Mogul', HV8454-001,"LeBron isn't slowing down any time soon. The open-court nightmare is as fast and spry as ever. But even Bron needs support when he's at full throttle. That's why we levelled up the LeBron 22. Newly implemented saddle wings offer optimal midfoot stability. They complement the heel and forefoot Air Zoom units, so the King can keep pushing the sport forwards. This special pair comes with an asymmetric design that has become synonymous with LeBron's efforts for equality and gold accents that have crowned him as King."," Soft Pearl,Vivid Purple,Court Purple,Hyper Turquoise"
Book 1 'Moss Point', IH0889-001,"Devin Booker can light up the scoreboard from anywhere. Whether he's slashing to the basket, stepping back and splashing 3s or pushing the pace on the break, Book's signature shoe gives him the tools he needs to carve up the court with precision. With a speedy, yet cushioned ride, this design can help you explore the spaces created by your piercing footwork and hungry hooper soul."," Barely Grey,Metallic Silver,Moon Particle,Barely Grey"
Nike Zegama 2, FD5190-009,"Equipped with an ultra-responsive ZoomX foam midsole, the Zegama 2 is designed to conquer steep ridges, jagged rocks and races from trailhead to tip. Optimal cushioning complements a rugged outsole made for your trail-running journey."," Pure Platinum,Football Grey,Pink Foam,White"
Nike Air Max Excee, FZ5486-102,"Get into the groove with the Nike Air Max Excee, with subtle pops of fresh colour for style that defies time. Inspired by the Nike Air Max 90, these kicks deliver a modern twist on a legendary icon through elongated design lines and distorted proportions."," Summit White,Light British Tan,College Grey,Summit White"
Nike Air Max Portal, HF3053-012,"Transport your style with a new Air Max. The Portal is the perfect blend of chunky and sleek, combining the platform sole of 2000s with the minimalist upper of contemporary designs. We added an oval-shaped midsole with cloud-like cushioning for an elevated look you can wear every day. It's so comfortable it's out of this world."," Black,Hydrangeas,White,Hyper Violet"
Air Jordan 1 Mid SE, HJ6654-100,"Step into greatness with the AJ1. This special edition is made from quality leather, infused with comfortable Nike Air cushioning and decked out with signature Jordan details to give you an icon of style."," White,Sea Glass,Glacier Blue,Guava Ice"
Jordan CMFT Era, HJ6777-002,"Good lookin' shoes you can wear all day? It's got to be the Jordan CMFT Era. With style that comes straight from the greats (we're talking about the AJ1 and AJ6, of course), these kicks easily take you from morning to night. Plus, breathable materials up top and soft foam underfoot help these sneakers live up to their name."," Black,Sail,Cool Grey,Mineral"
Nike Vomero 18, HM6803-007,"Maximum cushioning in the Vomero provides a comfortable ride for everyday runs. Our softest, most cushioned ride has lightweight ZoomX foam stacked on top of responsive ReactX foam in the midsole. Plus, a redesigned traction pattern offers a smooth heel-to-toe transition."," Black,Coconut Milk,Light Iron Ore,Summit White"
Nike Air Max Dn8, FQ7860-010,"More Air, less bulk. The Dn8 takes our Dynamic Air system and condenses it into a sleek, low-profile package. Powered by eight pressurised Air tubes, it gives you a responsive sensation with every step. Enter an unreal experience of movement."," Pure Platinum,Pure Platinum,Black,Black"
Nike Air Max Dn8, FQ7860-011,"More Air, less bulk. The Dn8 takes our Dynamic Air system and condenses it into a sleek, low-profile package. Powered by eight pressurised Air tubes, it gives you a responsive sensation with every step. Enter an unreal experience of movement."," Black,Anthracite,Pure Platinum,Gym Red"
Nike Air Max Dn8, FQ7860-100,"More Air, less bulk. The Dn8 takes our Dynamic Air system and condenses it into a sleek, low-profile package. Powered by eight pressurised Air tubes, it gives you a responsive sensation with every step. Enter an unreal experience of movement."," White,White,White,Black"
Nike Big Low, 355152-016,The Nike Big Low delivers a sleek look with leather on the upper and stitched-down overlays.," Black,White"
Nike Shox TL, AV3595-300,"The Nike Shox TL takes mechanical cushioning to the next level. A recrafted version of the 2003 icon, it features breathable mesh in the upper, with full-length Nike Shox technology for optimal impact absorption and a bold look on the streets."," Vapour Green,Photon Dust,Black"
Nike Air VaporMax 2023 Flyknit, DV1678-102,Have you ever walked on Air? Step into the Air VaporMax 2023 to see how it's done. The innovative tech is revealed through the perforated sockliner (pull it out to see more). The stretchy Flyknit upper is made from at least 20% recycled content by weight.," White,White,Pure Platinum,Black"
Nike Air Max Dn, DV3337-016,"Say hello to the next generation of Air technology. The Air Max Dn features our Dynamic Air unit system of dual-pressure tubes, creating a reactive sensation with every step. This results in a futuristic design that's comfortable enough to wear from day to night. Go aheadÃÂÃÂÃÂÃÂÃÂÃÂÃÂÃÂÃÂÃÂÃÂÃÂÃÂÃÂÃÂÃÂFeel The Unreal."," Black,Black,Metallic Silver,University Red"
Nike Air Max Dn, DV3337-104,"Say hello to the next generation of Air technology. The Air Max Dn features our Dynamic Air unit system of dual-pressure tubes, creating a reactive sensation with every step. This results in a futuristic design that's comfortable enough to wear from day to night. Go aheadÃÂÃÂÃÂÃÂÃÂÃÂÃÂÃÂÃÂÃÂÃÂÃÂÃÂÃÂÃÂÃÂFeel The Unreal."," White,Racer Blue,Bright Crimson,White"
Nike Downshifter 13, FD6454-105,"Whether you're starting your running journey or an expert eager to switch up your pace, the Downshifter 13 is down for the ride. With breathable mesh and an updated internal fit band, it helps you find that extra gear or take that first stride towards chasing down your goals."," White,Light Lemon Twist,Volt,Black"
LeBron TR 1, FJ6151-601,"Train like LeBron in the TR 1. With large lugs, flex grooves and cables at the laces, it has the tools you need to go for it."," Burgundy Crush,Team Red"
G.T. Hustle Academy, FJ7791-005,"The G.T. Hustle Academy helps keep you fast, wherever your next game is. A full Flyknit upper works with responsive foams to help you feel fresh on the court."," Black,Laser Orange,Total Orange"
G.T. Hustle Academy, FJ7791-103,"The G.T. Hustle Academy helps keep you fast, wherever your next game is. A full Flyknit upper works with responsive foams to help you feel fresh on the court."," Oatmeal,Coconut Milk,White"
G.T. Hustle Academy, FJ7791-701,"The G.T. Hustle Academy helps keep you fast, wherever your next game is. A full Flyknit upper works with responsive foams to help you feel fresh on the court."," Barely Volt,Pure Platinum,Black"
Nike Winflo 11, FJ9509-006,"Responsive cushioning provides a balanced ride for everyday runs. Experience energy return with a combination of Cushlon 3.0 foam and a full-length Nike Air unit in the midsole. Plus, an elastic midfoot band and a spacious forefoot provide an accommodating, comfortable fit."," Ghost,Football Grey,Deep Night,Blue Void"
Nike Free Golf NN, FN0332-103,"A blast from the past, the Nike Free Golf uses some of our favourite running footwear technology to make it even more functional than before. It's our lowest-to-the-ground golf shoe, offering freedom when you're on the hoof or housing an approach shot from deep."," White,Safety Orange,Black"
Nike Air Max Excee, FN7304-100,"Get into the groove with the Nike Air Max Excee and subtle pops of fresh colour for style that defies time. Inspired by the Nike Air Max 90, these kicks deliver a modern twist on a legendary icon through elongated design lines and distorted proportions."," White,Pure Platinum,Black"
Nike Air Max Dn8, FQ7860-800,"More Air, less bulk. The Dn8 takes our Dynamic Air system and condenses it into a sleek, low-profile package. Powered by eight pressurised Air tubes, it gives you a responsive sensation with every step. Enter an unreal experience of movement."," Team Orange,Laser Orange,Black,Black"
Nike G.T. Hustle 3, FV5953-700,"The G.T. Hustle 3 can help you thrive at crunch time. With double-stacked Air Zoom cushioning providing bouncy horsepower, it helps save you energy over the course of the game. It's designed for those who want to outlast their opponent and stay fresh through to the final buzzer. Who's got next? You do."," Barely Volt,Metallic Silver,Dark Grey,Purple Agate"
Nike Air Max TL 2.5, FZ4110-004,"Reviving a late '90s fave, the Air Max TL 2.5 brings back the iconic wavy Air Max aesthetic. Airy textiles fuse with smooth synthetic leather for a clean finish, while full-length Max Air cushioning brings a bouncy feel to every step."," Wolf Grey,Black,Cool Grey,Dusty Cactus"
Nike Air Max Excee, FZ5486-004,"Get into the groove with the Nike Air Max Excee, with subtle pops of fresh colour for style that defies time. Inspired by the Nike Air Max 90, these kicks deliver a modern twist on a legendary icon through elongated design lines and distorted proportions."," Photon Dust,Hyper Royal,Wolf Grey,Summit White"
Nike P-6000 SE, HF0015-600,"A mash-up of past Pegasus sneakers, the P-6000 takes early-2000s running to modern heights. It mixes leather, textile and suede for a layered look built to last. Plus, its foam cushioning adds a lifted, athletics inspired stance and unbelievable comfort. This version is part of the Bowerman seriesÃÂÃÂÃÂÃÂÃÂÃÂÃÂÃÂÃÂÃÂÃÂÃÂÃÂÃÂÃÂÃÂa collection honouring the legacy of Coach Bill Bowerman."," Mars Stone,Pale Ivory,Metallic Silver,Cinnamon"
Nike Free 2025, HF1078-402,The Nike Free 2025 brings you miles of comfort with Flyknit that delivers even more zoned stretch and breathability than before. The outsole pattern adjusts to your every step for a dynamic ride from top to bottom.," Denim Turquoise,Dusty Cactus,Platinum Tint,Smoky Blue"
Nike Free 2025, HF1078-403,The Nike Free 2025 brings you miles of comfort with Flyknit that delivers even more zoned stretch and breathability than before. The outsole pattern adjusts to your every step for a dynamic ride from top to bottom.," Diffused Blue,Ashen Slate,Summit White,Thunder Blue"
Nike Zoom Vomero 5, HF1553-201,"Carve a new lane for yourself in the Zoom Vomero 5ÃÂÃÂÃÂÃÂÃÂÃÂÃÂÃÂÃÂÃÂÃÂÃÂÃÂÃÂÃÂÃÂyour go-to for complexity, depth and easy styling. The richly layered design includes textiles, leather and plastic accents that come together to make one of the coolest sneakers of the season."," Desert Khaki,Light Orewood Brown,Mars Stone,Black"
Nike Field General, HF3165-105,The Field General returns from its gritty American football roots to shake up the sneaker scene. It pairs soft suede and durable woven textiles with a nubby Waffle soleÃÂÃÂÃÂÃÂÃÂÃÂÃÂÃÂÃÂÃÂÃÂÃÂÃÂÃÂÃÂÃÂcreating that vintage gridiron look.," Pale Ivory,Gum Yellow,Safety Orange"
Nike Field General, HF3165-106,The Field General returns from its gritty American football roots to shake up the sneaker scene. It pairs soft suede and durable woven textiles with a nubby Waffle soleÃÂÃÂÃÂÃÂÃÂÃÂÃÂÃÂÃÂÃÂÃÂÃÂÃÂÃÂÃÂÃÂcreating that vintage gridiron look.," Pale Ivory,Gum Yellow,Dusty Cactus"
Nike Field General, HF3165-107,The Field General returns from its gritty American football roots to shake up the sneaker scene. It pairs soft suede and durable woven textiles with a nubby Waffle soleÃÂÃÂÃÂÃÂÃÂÃÂÃÂÃÂÃÂÃÂÃÂÃÂÃÂÃÂÃÂÃÂcreating that vintage gridiron look.," Pale Ivory,Gum Yellow,White"
LeBron Witness VIII, HQ2139-001,"Stop the show in these LeBron Witness VIIIs, and let them know there are no limits to your flair and full-scale skills. This sleek and boldly sculpted shoe offers stability during quick movements and soft landings when you come back to the ground, allowing kingpins like you and LeBron to bound, brake and bolt from baseline to baseline."," Black,Apricot Agate,White"
Nike ReactX Rejuven8, HV4479-001,"Give your feet a rest. Made from soft and responsive ReactX foam, the Rejuven8 uses some of our best tech to create recovery slides you'll look forward to wearing."," Black,Black,Black"
Nike ReactX Rejuven8, HV4479-200,"Give your feet a rest. Made from soft and responsive ReactX foam, the Rejuven8 uses some of our best tech to create recovery slides you'll look forward to wearing."," Khaki,Khaki,Khaki"
Nike ReactX Rejuven8, HV4479-600,"Give your feet a rest. Made from soft and responsive ReactX foam, the Rejuven8 uses some of our best tech to create recovery slides you'll look forward to wearing."," Team Red,Team Red,Team Red"
Nike Dunk Low Retro SE, IB7720-110,You can always count on a classic. The Dunk Low pair iconic colour-blocking with premium materials and plush padding for game-changing comfort that lasts. The possibilities are endlessÃÂÃÂÃÂÃÂÃÂÃÂÃÂÃÂÃÂÃÂÃÂÃÂÃÂÃÂÃÂÃÂhow will you wear your Dunks?," Pale Ivory,Picante Red,Dark Smoke Grey"
