title,subtitle,price
Nike Alphafly 3,Men's Road Racing Shoes,$390
Nike Vomero 18,Men's Road Running Shoes,$220
Nike Vomero 18,Men's Road Running Shoes,$220
Nike Vomero 18,Men's Road Running Shoes,$220
Nike Vomero 18,Men's Road Running Shoes,$220
Nike Zoom Fly 6 'Jakob Ingebrigtsen',Men's Road Racing Shoes,$260
Nike Vaporfly 4,Men's Road Racing Shoes,$360
Nike Streakfly 2,Road Racing Shoes,$250
Nike Vaporfly 4,Men's Road Racing Shoes,$370
Nike Zoom Fly 6,Men's Road Racing Shoes,$260
Nike Vaporfly 4,Men's Road Racing Shoes,$360
Nike Vaporfly 4,Men's Road Racing Shoes,$360
Nike Streakfly 2,Road Racing Shoes,$250
Nike Alphafly 3,Men's Road Racing Shoes,$390
Nike Zoom Fly 6,Men's Road Racing Shoes,$260
Nike Zoom Rival Fly 4,Men's Road Racing Shoes,$150
Nike Zoom Rival Fly 4,Men's Road Racing Shoes,$150
Nike Streakfly 2,Road Racing Shoes,$250
Nike Shox R4,Men's Shoes,$200
Nike Shox R4,Men's Shoes,$200
Nike Shox R4,Men's Shoes,$200
Nike Field General 'Butter',Women's Shoes,$170
Nike Field General 'Ref',Men's Shoes,$160
Nike Field General Suede,Men's Shoes,$170
